-- phpMyAdmin SQL Dump
-- version 5.1.1
-- https://www.phpmyadmin.net/
--
-- Anamakine: 127.0.0.1
-- Üretim Zamanı: 16 Ağu 2021, 14:07:20
-- Sunucu sürümü: 10.4.20-MariaDB
-- PHP Sürümü: 8.0.9

SET SQL_MODE = "NO_AUTO_VALUE_ON_ZERO";
START TRANSACTION;
SET time_zone = "+00:00";


/*!40101 SET @OLD_CHARACTER_SET_CLIENT=@@CHARACTER_SET_CLIENT */;
/*!40101 SET @OLD_CHARACTER_SET_RESULTS=@@CHARACTER_SET_RESULTS */;
/*!40101 SET @OLD_COLLATION_CONNECTION=@@COLLATION_CONNECTION */;
/*!40101 SET NAMES utf8mb4 */;

--
-- Veritabanı: `kozmosproje`
--

-- --------------------------------------------------------

--
-- Tablo için tablo yapısı `migrations`
--

CREATE TABLE `migrations` (
  `id` int(10) UNSIGNED NOT NULL,
  `migration` varchar(191) COLLATE utf8mb4_unicode_ci NOT NULL,
  `batch` int(11) NOT NULL
) ENGINE=InnoDB DEFAULT CHARSET=utf8mb4 COLLATE=utf8mb4_unicode_ci;

--
-- Tablo döküm verisi `migrations`
--

INSERT INTO `migrations` (`id`, `migration`, `batch`) VALUES
(1, '2021_08_15_115327_musteri', 1),
(2, '2021_08_15_115647_urunler', 1),
(3, '2021_08_15_115922_siparis', 1);

-- --------------------------------------------------------

--
-- Tablo için tablo yapısı `musteri`
--

CREATE TABLE `musteri` (
  `MusteriId` int(10) UNSIGNED NOT NULL,
  `Adi` varchar(100) COLLATE utf8mb4_unicode_ci NOT NULL,
  `SoyAdi` varchar(100) COLLATE utf8mb4_unicode_ci NOT NULL,
  `telefon` varchar(191) COLLATE utf8mb4_unicode_ci NOT NULL,
  `created_at` timestamp NULL DEFAULT NULL,
  `updated_at` timestamp NULL DEFAULT NULL
) ENGINE=InnoDB DEFAULT CHARSET=utf8mb4 COLLATE=utf8mb4_unicode_ci;

--
-- Tablo döküm verisi `musteri`
--

INSERT INTO `musteri` (`MusteriId`, `Adi`, `SoyAdi`, `telefon`, `created_at`, `updated_at`) VALUES
(1, 'Lesley', 'Schinner', '475-932-6266', '2021-08-16 08:28:17', '2021-08-16 08:28:17'),
(2, 'Saige', 'Kilback', '+1 (859) 690-8980', '2021-08-16 08:28:17', '2021-08-16 08:28:17'),
(3, 'Daniella', 'Vandervort', '+1-667-634-5810', '2021-08-16 08:28:17', '2021-08-16 08:28:17'),
(4, 'Kenna', 'Sipes', '1-334-593-0144', '2021-08-16 08:28:17', '2021-08-16 08:28:17'),
(5, 'Shania', 'Dare', '605-200-3385', '2021-08-16 08:28:17', '2021-08-16 08:28:17'),
(6, 'Yessenia', 'Anderson', '+1.586.230.5210', '2021-08-16 08:28:17', '2021-08-16 08:28:17'),
(7, 'Jovanny', 'Keeling', '+16812773399', '2021-08-16 08:28:17', '2021-08-16 08:28:17'),
(8, 'Tatum', 'Ondricka', '478.737.5804', '2021-08-16 08:28:17', '2021-08-16 08:28:17'),
(9, 'Cullen', 'Grady', '+1-585-747-4829', '2021-08-16 08:28:17', '2021-08-16 08:28:17'),
(10, 'Jazlyn', 'Ortiz', '1-570-615-3821', '2021-08-16 08:28:17', '2021-08-16 08:28:17');

-- --------------------------------------------------------

--
-- Tablo için tablo yapısı `siparis`
--

CREATE TABLE `siparis` (
  `SiparisNo` int(10) UNSIGNED NOT NULL,
  `UrunKodu` int(11) NOT NULL,
  `Adet` int(11) NOT NULL,
  `MusteriId` int(11) NOT NULL,
  `created_at` timestamp NULL DEFAULT NULL,
  `updated_at` timestamp NULL DEFAULT NULL
) ENGINE=InnoDB DEFAULT CHARSET=utf8mb4 COLLATE=utf8mb4_unicode_ci;

--
-- Tablo döküm verisi `siparis`
--

INSERT INTO `siparis` (`SiparisNo`, `UrunKodu`, `Adet`, `MusteriId`, `created_at`, `updated_at`) VALUES
(1, 1087, 232, 10, '2021-08-16 08:28:18', '2021-08-16 08:28:18'),
(2, 1060, 380, 11, '2021-08-16 08:28:18', '2021-08-16 08:28:18'),
(3, 1000, 155, 8, '2021-08-16 08:28:18', '2021-08-16 08:28:18'),
(4, 1037, 622, 1, '2021-08-16 08:28:18', '2021-08-16 08:28:18'),
(5, 1008, 850, 6, '2021-08-16 08:28:18', '2021-08-16 08:28:18'),
(6, 1035, 151, 2, '2021-08-16 08:28:18', '2021-08-16 08:28:18'),
(7, 1027, 831, 4, '2021-08-16 08:28:18', '2021-08-16 08:28:18'),
(8, 1022, 733, 3, '2021-08-16 08:28:18', '2021-08-16 08:28:18'),
(9, 1075, 717, 5, '2021-08-16 08:28:18', '2021-08-16 08:28:18'),
(10, 1051, 906, 3, '2021-08-16 08:28:18', '2021-08-16 08:28:18'),
(11, 1033, 209, 3, '2021-08-16 08:28:18', '2021-08-16 08:28:18'),
(12, 1028, 953, 1, '2021-08-16 08:28:18', '2021-08-16 08:28:18'),
(13, 1022, 535, 8, '2021-08-16 08:28:18', '2021-08-16 08:28:18'),
(14, 1049, 270, 2, '2021-08-16 08:28:18', '2021-08-16 08:28:18'),
(15, 1098, 478, 10, '2021-08-16 08:28:18', '2021-08-16 08:28:18'),
(16, 1091, 780, 11, '2021-08-16 08:28:18', '2021-08-16 08:28:18'),
(17, 1076, 491, 3, '2021-08-16 08:28:18', '2021-08-16 08:28:18'),
(18, 1054, 627, 3, '2021-08-16 08:28:18', '2021-08-16 08:28:18'),
(19, 1009, 766, 10, '2021-08-16 08:28:18', '2021-08-16 08:28:18'),
(20, 1044, 994, 1, '2021-08-16 08:28:18', '2021-08-16 08:28:18'),
(21, 1020, 775, 6, '2021-08-16 08:28:18', '2021-08-16 08:28:18'),
(22, 1014, 113, 6, '2021-08-16 08:28:18', '2021-08-16 08:28:18'),
(23, 1047, 565, 4, '2021-08-16 08:28:18', '2021-08-16 08:28:18'),
(24, 1026, 877, 11, '2021-08-16 08:28:18', '2021-08-16 08:28:18'),
(25, 1028, 994, 6, '2021-08-16 08:28:18', '2021-08-16 08:28:18'),
(26, 1067, 316, 10, '2021-08-16 08:28:18', '2021-08-16 08:28:18'),
(27, 1085, 154, 7, '2021-08-16 08:28:18', '2021-08-16 08:28:18'),
(28, 1060, 418, 4, '2021-08-16 08:28:18', '2021-08-16 08:28:18'),
(29, 1009, 358, 7, '2021-08-16 08:28:18', '2021-08-16 08:28:18'),
(30, 1081, 644, 11, '2021-08-16 08:28:18', '2021-08-16 08:28:18'),
(31, 1049, 519, 2, '2021-08-16 08:28:18', '2021-08-16 08:28:18'),
(32, 1021, 367, 8, '2021-08-16 08:28:18', '2021-08-16 08:28:18'),
(33, 1075, 661, 2, '2021-08-16 08:28:18', '2021-08-16 08:28:18'),
(34, 1064, 851, 9, '2021-08-16 08:28:18', '2021-08-16 08:28:18'),
(35, 1042, 402, 6, '2021-08-16 08:28:18', '2021-08-16 08:28:18'),
(36, 1003, 557, 4, '2021-08-16 08:28:18', '2021-08-16 08:28:18'),
(37, 1055, 395, 2, '2021-08-16 08:28:18', '2021-08-16 08:28:18'),
(38, 1001, 901, 6, '2021-08-16 08:28:18', '2021-08-16 08:28:18'),
(39, 1094, 648, 5, '2021-08-16 08:28:18', '2021-08-16 08:28:18'),
(40, 1060, 140, 10, '2021-08-16 08:28:18', '2021-08-16 08:28:18'),
(41, 1043, 866, 4, '2021-08-16 08:28:18', '2021-08-16 08:28:18'),
(42, 1053, 122, 2, '2021-08-16 08:28:18', '2021-08-16 08:28:18'),
(43, 1084, 880, 10, '2021-08-16 08:28:18', '2021-08-16 08:28:18'),
(44, 1076, 575, 5, '2021-08-16 08:28:18', '2021-08-16 08:28:18'),
(45, 1030, 356, 10, '2021-08-16 08:28:18', '2021-08-16 08:28:18'),
(46, 1101, 904, 8, '2021-08-16 08:28:18', '2021-08-16 08:28:18'),
(47, 1000, 346, 10, '2021-08-16 08:28:18', '2021-08-16 08:28:18'),
(48, 1051, 536, 3, '2021-08-16 08:28:18', '2021-08-16 08:28:18'),
(49, 1013, 914, 11, '2021-08-16 08:28:18', '2021-08-16 08:28:18'),
(50, 1080, 410, 11, '2021-08-16 08:28:18', '2021-08-16 08:28:18'),
(51, 1005, 485, 10, '2021-08-16 08:28:18', '2021-08-16 08:28:18'),
(52, 1092, 202, 3, '2021-08-16 08:28:18', '2021-08-16 08:28:18'),
(53, 1046, 588, 5, '2021-08-16 08:28:18', '2021-08-16 08:28:18'),
(54, 1059, 782, 5, '2021-08-16 08:28:18', '2021-08-16 08:28:18'),
(55, 1070, 176, 3, '2021-08-16 08:28:18', '2021-08-16 08:28:18'),
(56, 1045, 263, 4, '2021-08-16 08:28:18', '2021-08-16 08:28:18'),
(57, 1027, 191, 1, '2021-08-16 08:28:18', '2021-08-16 08:28:18'),
(58, 1088, 350, 10, '2021-08-16 08:28:18', '2021-08-16 08:28:18'),
(59, 1038, 446, 11, '2021-08-16 08:28:18', '2021-08-16 08:28:18'),
(60, 1007, 701, 5, '2021-08-16 08:28:18', '2021-08-16 08:28:18'),
(61, 1041, 614, 2, '2021-08-16 08:28:18', '2021-08-16 08:28:18'),
(62, 1015, 487, 7, '2021-08-16 08:28:18', '2021-08-16 08:28:18'),
(63, 1049, 299, 2, '2021-08-16 08:28:18', '2021-08-16 08:28:18'),
(64, 1013, 898, 2, '2021-08-16 08:28:18', '2021-08-16 08:28:18'),
(65, 1100, 325, 9, '2021-08-16 08:28:18', '2021-08-16 08:28:18'),
(66, 1043, 986, 9, '2021-08-16 08:28:18', '2021-08-16 08:28:18'),
(67, 1096, 734, 1, '2021-08-16 08:28:18', '2021-08-16 08:28:18'),
(68, 1016, 244, 1, '2021-08-16 08:28:18', '2021-08-16 08:28:18'),
(69, 1095, 277, 2, '2021-08-16 08:28:18', '2021-08-16 08:28:18'),
(70, 1073, 929, 5, '2021-08-16 08:28:18', '2021-08-16 08:28:18'),
(71, 1023, 861, 4, '2021-08-16 08:28:18', '2021-08-16 08:28:18'),
(72, 1072, 876, 10, '2021-08-16 08:28:18', '2021-08-16 08:28:18'),
(73, 1052, 953, 5, '2021-08-16 08:28:18', '2021-08-16 08:28:18'),
(74, 1025, 374, 9, '2021-08-16 08:28:18', '2021-08-16 08:28:18'),
(75, 1064, 814, 4, '2021-08-16 08:28:18', '2021-08-16 08:28:18'),
(76, 1023, 880, 8, '2021-08-16 08:28:18', '2021-08-16 08:28:18'),
(77, 1071, 787, 4, '2021-08-16 08:28:18', '2021-08-16 08:28:18'),
(78, 1075, 479, 1, '2021-08-16 08:28:18', '2021-08-16 08:28:18'),
(79, 1036, 604, 6, '2021-08-16 08:28:18', '2021-08-16 08:28:18'),
(80, 1059, 920, 1, '2021-08-16 08:28:18', '2021-08-16 08:28:18'),
(81, 1086, 570, 1, '2021-08-16 08:28:18', '2021-08-16 08:28:18'),
(82, 1085, 466, 6, '2021-08-16 08:28:18', '2021-08-16 08:28:18'),
(83, 1058, 852, 3, '2021-08-16 08:28:18', '2021-08-16 08:28:18'),
(84, 1084, 793, 5, '2021-08-16 08:28:18', '2021-08-16 08:28:18'),
(85, 1037, 796, 11, '2021-08-16 08:28:18', '2021-08-16 08:28:18'),
(86, 1002, 878, 8, '2021-08-16 08:28:18', '2021-08-16 08:28:18'),
(87, 1043, 213, 9, '2021-08-16 08:28:18', '2021-08-16 08:28:18'),
(88, 1032, 309, 11, '2021-08-16 08:28:18', '2021-08-16 08:28:18'),
(89, 1002, 167, 10, '2021-08-16 08:28:18', '2021-08-16 08:28:18'),
(90, 1087, 225, 9, '2021-08-16 08:28:18', '2021-08-16 08:28:18'),
(91, 1013, 241, 11, '2021-08-16 08:28:18', '2021-08-16 08:28:18'),
(92, 1052, 394, 7, '2021-08-16 08:28:18', '2021-08-16 08:28:18'),
(93, 1092, 294, 8, '2021-08-16 08:28:18', '2021-08-16 08:28:18'),
(94, 1086, 656, 8, '2021-08-16 08:28:18', '2021-08-16 08:28:18'),
(95, 1005, 750, 10, '2021-08-16 08:28:18', '2021-08-16 08:28:18'),
(96, 1088, 552, 8, '2021-08-16 08:28:18', '2021-08-16 08:28:18'),
(97, 1009, 839, 7, '2021-08-16 08:28:18', '2021-08-16 08:28:18'),
(98, 1018, 757, 9, '2021-08-16 08:28:18', '2021-08-16 08:28:18'),
(99, 1029, 806, 8, '2021-08-16 08:28:18', '2021-08-16 08:28:18'),
(100, 1082, 236, 3, '2021-08-16 08:28:18', '2021-08-16 08:28:18');

-- --------------------------------------------------------

--
-- Tablo için tablo yapısı `urunler`
--

CREATE TABLE `urunler` (
  `Id` int(10) UNSIGNED NOT NULL,
  `UrunKodu` int(11) NOT NULL,
  `Adi` varchar(100) COLLATE utf8mb4_unicode_ci NOT NULL,
  `created_at` timestamp NULL DEFAULT NULL,
  `updated_at` timestamp NULL DEFAULT NULL
) ENGINE=InnoDB DEFAULT CHARSET=utf8mb4 COLLATE=utf8mb4_unicode_ci;

--
-- Tablo döküm verisi `urunler`
--

INSERT INTO `urunler` (`Id`, `UrunKodu`, `Adi`, `created_at`, `updated_at`) VALUES
(1, 1059, 'repellendus', '2021-08-16 08:28:17', '2021-08-16 08:28:17'),
(2, 1019, 'occaecati', '2021-08-16 08:28:17', '2021-08-16 08:28:17'),
(3, 1031, 'veniam', '2021-08-16 08:28:17', '2021-08-16 08:28:17'),
(4, 1042, 'dignissimos', '2021-08-16 08:28:17', '2021-08-16 08:28:17'),
(5, 1046, 'similique', '2021-08-16 08:28:17', '2021-08-16 08:28:17'),
(6, 1087, 'sed', '2021-08-16 08:28:17', '2021-08-16 08:28:17'),
(7, 1085, 'id', '2021-08-16 08:28:17', '2021-08-16 08:28:17'),
(8, 1083, 'placeat', '2021-08-16 08:28:17', '2021-08-16 08:28:17'),
(9, 1020, 'laboriosam', '2021-08-16 08:28:17', '2021-08-16 08:28:17'),
(10, 1002, 'eligendi', '2021-08-16 08:28:17', '2021-08-16 08:28:17'),
(11, 1041, 'et', '2021-08-16 08:28:17', '2021-08-16 08:28:17'),
(12, 1096, 'ratione', '2021-08-16 08:28:17', '2021-08-16 08:28:17'),
(13, 1011, 'sint', '2021-08-16 08:28:17', '2021-08-16 08:28:17'),
(14, 1056, 'eveniet', '2021-08-16 08:28:17', '2021-08-16 08:28:17'),
(15, 1045, 'deleniti', '2021-08-16 08:28:17', '2021-08-16 08:28:17'),
(16, 1033, 'pariatur', '2021-08-16 08:28:17', '2021-08-16 08:28:17'),
(17, 1035, 'dolore', '2021-08-16 08:28:17', '2021-08-16 08:28:17'),
(18, 1036, 'est', '2021-08-16 08:28:17', '2021-08-16 08:28:17'),
(19, 1052, 'alias', '2021-08-16 08:28:17', '2021-08-16 08:28:17'),
(20, 1004, 'repudiandae', '2021-08-16 08:28:17', '2021-08-16 08:28:17'),
(21, 1098, 'voluptatem', '2021-08-16 08:28:17', '2021-08-16 08:28:17'),
(22, 1040, 'occaecati', '2021-08-16 08:28:17', '2021-08-16 08:28:17'),
(23, 1064, 'et', '2021-08-16 08:28:17', '2021-08-16 08:28:17'),
(24, 1053, 'quo', '2021-08-16 08:28:17', '2021-08-16 08:28:17'),
(25, 1023, 'enim', '2021-08-16 08:28:17', '2021-08-16 08:28:17'),
(26, 1069, 'tempore', '2021-08-16 08:28:17', '2021-08-16 08:28:17'),
(27, 1066, 'velit', '2021-08-16 08:28:17', '2021-08-16 08:28:17'),
(28, 1079, 'quia', '2021-08-16 08:28:17', '2021-08-16 08:28:17'),
(29, 1013, 'rem', '2021-08-16 08:28:17', '2021-08-16 08:28:17'),
(30, 1015, 'ullam', '2021-08-16 08:28:17', '2021-08-16 08:28:17'),
(31, 1095, 'et', '2021-08-16 08:28:17', '2021-08-16 08:28:17'),
(32, 1072, 'quo', '2021-08-16 08:28:17', '2021-08-16 08:28:17'),
(33, 1032, 'sunt', '2021-08-16 08:28:17', '2021-08-16 08:28:17'),
(34, 1057, 'non', '2021-08-16 08:28:17', '2021-08-16 08:28:17'),
(35, 1012, 'optio', '2021-08-16 08:28:17', '2021-08-16 08:28:17'),
(36, 1062, 'facilis', '2021-08-16 08:28:17', '2021-08-16 08:28:17'),
(37, 1065, 'repudiandae', '2021-08-16 08:28:17', '2021-08-16 08:28:17'),
(38, 1000, 'voluptates', '2021-08-16 08:28:17', '2021-08-16 08:28:17'),
(39, 1008, 'non', '2021-08-16 08:28:17', '2021-08-16 08:28:17'),
(40, 1094, 'fuga', '2021-08-16 08:28:17', '2021-08-16 08:28:17'),
(41, 1084, 'qui', '2021-08-16 08:28:17', '2021-08-16 08:28:17'),
(42, 1073, 'aut', '2021-08-16 08:28:17', '2021-08-16 08:28:17'),
(43, 1080, 'et', '2021-08-16 08:28:17', '2021-08-16 08:28:17'),
(44, 1030, 'laborum', '2021-08-16 08:28:17', '2021-08-16 08:28:17'),
(45, 1048, 'ea', '2021-08-16 08:28:17', '2021-08-16 08:28:17'),
(46, 1039, 'magni', '2021-08-16 08:28:17', '2021-08-16 08:28:17'),
(47, 1075, 'labore', '2021-08-16 08:28:17', '2021-08-16 08:28:17'),
(48, 1047, 'nisi', '2021-08-16 08:28:17', '2021-08-16 08:28:17'),
(49, 1070, 'omnis', '2021-08-16 08:28:17', '2021-08-16 08:28:17'),
(50, 1024, 'aut', '2021-08-16 08:28:17', '2021-08-16 08:28:17'),
(51, 1028, 'incidunt', '2021-08-16 08:28:17', '2021-08-16 08:28:17'),
(52, 1025, 'sed', '2021-08-16 08:28:17', '2021-08-16 08:28:17'),
(53, 1017, 'sed', '2021-08-16 08:28:17', '2021-08-16 08:28:17'),
(54, 1049, 'non', '2021-08-16 08:28:17', '2021-08-16 08:28:17'),
(55, 1014, 'et', '2021-08-16 08:28:17', '2021-08-16 08:28:17'),
(56, 1050, 'blanditiis', '2021-08-16 08:28:17', '2021-08-16 08:28:17'),
(57, 1090, 'velit', '2021-08-16 08:28:17', '2021-08-16 08:28:17'),
(58, 1068, 'suscipit', '2021-08-16 08:28:17', '2021-08-16 08:28:17'),
(59, 1007, 'voluptas', '2021-08-16 08:28:18', '2021-08-16 08:28:18'),
(60, 1092, 'blanditiis', '2021-08-16 08:28:18', '2021-08-16 08:28:18'),
(61, 1058, 'deserunt', '2021-08-16 08:28:18', '2021-08-16 08:28:18'),
(62, 1088, 'id', '2021-08-16 08:28:18', '2021-08-16 08:28:18'),
(63, 1093, 'et', '2021-08-16 08:28:18', '2021-08-16 08:28:18'),
(64, 1038, 'voluptates', '2021-08-16 08:28:18', '2021-08-16 08:28:18'),
(65, 1044, 'exercitationem', '2021-08-16 08:28:18', '2021-08-16 08:28:18'),
(66, 1054, 'qui', '2021-08-16 08:28:18', '2021-08-16 08:28:18'),
(67, 1001, 'et', '2021-08-16 08:28:18', '2021-08-16 08:28:18'),
(68, 1010, 'tempora', '2021-08-16 08:28:18', '2021-08-16 08:28:18'),
(69, 1077, 'occaecati', '2021-08-16 08:28:18', '2021-08-16 08:28:18'),
(70, 1027, 'quaerat', '2021-08-16 08:28:18', '2021-08-16 08:28:18'),
(71, 1043, 'corporis', '2021-08-16 08:28:18', '2021-08-16 08:28:18'),
(72, 1021, 'vero', '2021-08-16 08:28:18', '2021-08-16 08:28:18'),
(73, 1099, 'architecto', '2021-08-16 08:28:18', '2021-08-16 08:28:18'),
(74, 1006, 'dolores', '2021-08-16 08:28:18', '2021-08-16 08:28:18'),
(75, 1037, 'maiores', '2021-08-16 08:28:18', '2021-08-16 08:28:18'),
(76, 1051, 'deleniti', '2021-08-16 08:28:18', '2021-08-16 08:28:18'),
(77, 1005, 'dolorem', '2021-08-16 08:28:18', '2021-08-16 08:28:18'),
(78, 1055, 'et', '2021-08-16 08:28:18', '2021-08-16 08:28:18'),
(79, 1074, 'consequatur', '2021-08-16 08:28:18', '2021-08-16 08:28:18'),
(80, 1071, 'repellat', '2021-08-16 08:28:18', '2021-08-16 08:28:18'),
(81, 1081, 'minima', '2021-08-16 08:28:18', '2021-08-16 08:28:18'),
(82, 1026, 'repellat', '2021-08-16 08:28:18', '2021-08-16 08:28:18'),
(83, 1067, 'facere', '2021-08-16 08:28:18', '2021-08-16 08:28:18'),
(84, 1076, 'autem', '2021-08-16 08:28:18', '2021-08-16 08:28:18'),
(85, 1016, 'animi', '2021-08-16 08:28:18', '2021-08-16 08:28:18'),
(86, 1091, 'consequatur', '2021-08-16 08:28:18', '2021-08-16 08:28:18'),
(87, 1063, 'maxime', '2021-08-16 08:28:18', '2021-08-16 08:28:18'),
(88, 1034, 'itaque', '2021-08-16 08:28:18', '2021-08-16 08:28:18'),
(89, 1018, 'et', '2021-08-16 08:28:18', '2021-08-16 08:28:18'),
(90, 1086, 'aperiam', '2021-08-16 08:28:18', '2021-08-16 08:28:18'),
(91, 1061, 'sint', '2021-08-16 08:28:18', '2021-08-16 08:28:18'),
(92, 1003, 'ad', '2021-08-16 08:28:18', '2021-08-16 08:28:18'),
(93, 1078, 'vitae', '2021-08-16 08:28:18', '2021-08-16 08:28:18'),
(94, 1060, 'suscipit', '2021-08-16 08:28:18', '2021-08-16 08:28:18'),
(95, 1009, 'voluptatem', '2021-08-16 08:28:18', '2021-08-16 08:28:18'),
(96, 1100, 'fuga', '2021-08-16 08:28:18', '2021-08-16 08:28:18'),
(97, 1082, 'sint', '2021-08-16 08:28:18', '2021-08-16 08:28:18'),
(98, 1029, 'eum', '2021-08-16 08:28:18', '2021-08-16 08:28:18'),
(99, 1022, 'cum', '2021-08-16 08:28:18', '2021-08-16 08:28:18'),
(100, 1097, 'perspiciatis', '2021-08-16 08:28:18', '2021-08-16 08:28:18');

--
-- Dökümü yapılmış tablolar için indeksler
--

--
-- Tablo için indeksler `migrations`
--
ALTER TABLE `migrations`
  ADD PRIMARY KEY (`id`);

--
-- Tablo için indeksler `musteri`
--
ALTER TABLE `musteri`
  ADD PRIMARY KEY (`MusteriId`);

--
-- Tablo için indeksler `siparis`
--
ALTER TABLE `siparis`
  ADD PRIMARY KEY (`SiparisNo`);

--
-- Tablo için indeksler `urunler`
--
ALTER TABLE `urunler`
  ADD PRIMARY KEY (`Id`);

--
-- Dökümü yapılmış tablolar için AUTO_INCREMENT değeri
--

--
-- Tablo için AUTO_INCREMENT değeri `migrations`
--
ALTER TABLE `migrations`
  MODIFY `id` int(10) UNSIGNED NOT NULL AUTO_INCREMENT, AUTO_INCREMENT=4;

--
-- Tablo için AUTO_INCREMENT değeri `musteri`
--
ALTER TABLE `musteri`
  MODIFY `MusteriId` int(10) UNSIGNED NOT NULL AUTO_INCREMENT, AUTO_INCREMENT=11;

--
-- Tablo için AUTO_INCREMENT değeri `siparis`
--
ALTER TABLE `siparis`
  MODIFY `SiparisNo` int(10) UNSIGNED NOT NULL AUTO_INCREMENT, AUTO_INCREMENT=101;

--
-- Tablo için AUTO_INCREMENT değeri `urunler`
--
ALTER TABLE `urunler`
  MODIFY `Id` int(10) UNSIGNED NOT NULL AUTO_INCREMENT, AUTO_INCREMENT=101;
COMMIT;

/*!40101 SET CHARACTER_SET_CLIENT=@OLD_CHARACTER_SET_CLIENT */;
/*!40101 SET CHARACTER_SET_RESULTS=@OLD_CHARACTER_SET_RESULTS */;
/*!40101 SET COLLATION_CONNECTION=@OLD_COLLATION_CONNECTION */;
